InvoiceNo,StockCode,Description,Quantity,InvoiceDate,UnitPrice,CustomerID
565231,47504K,ENGLISH ROSE GARDEN SECATEURS,1,01-06-2022 9.26,3.29,
565231,47566,PARTY BUNTING,2,01-06-2022 9.26,10.79,
565231,51014A,"FEATHER PEN,HOT PINK",2,01-06-2022 9.26,0.83,
565231,72760B,VINTAGE CREAM 3 BASKET CAKE STAND,1,01-06-2022 9.26,20.79,
565231,72807A,SET/3 ROSE CANDLE IN JEWELLED BOX,1,01-06-2022 9.26,8.29,
565231,72807C,SET/3 VANILLA SCENTED CANDLE IN BOX,1,01-06-2022 9.26,8.29,
565231,82551,LAUNDRY 15C METAL SIGN,1,01-06-2022 9.26,2.46,
565231,82567,"AIRLINE LOUNGE,METAL SIGN",1,01-06-2022 9.26,1.63,
565231,82578,KITCHEN METAL SIGN,1,01-06-2022 9.26,1.25,
565231,82580,BATHROOM METAL SIGN,1,01-06-2022 9.26,1.25,
565231,82581,TOILET METAL SIGN,1,01-06-2022 9.26,1.25,
565231,84032A,CHARLIE+LOLA PINK HOT WATER BOTTLE,2,01-06-2022 9.26,3.29,
565231,84380,SET OF 3 BUTTERFLY COOKIE CUTTERS,3,01-06-2022 9.26,2.46,
565231,84510A,SET OF 4 ENGLISH ROSE COASTERS,1,01-06-2022 9.26,2.46,
565231,84659A,WHITE TRAVEL ALARM CLOCK,1,01-06-2022 9.26,2.46,
565231,84912B,GREEN ROSE WASHBAG,1,01-06-2022 9.26,3.29,
565231,84946,ANTIQUE SILVER T-LIGHT GLASS,6,01-06-2022 9.26,2.46,
565231,84947,ANTIQUE SILVER TEA GLASS ENGRAVED,6,01-06-2022 9.26,2.46,
565231,84978,HANGING HEART JAR T-LIGHT HOLDER,12,01-06-2022 9.26,2.46,
565231,85049H,URBAN BLACK RIBBONS ,3,01-06-2022 9.26,0.83,
565231,85087,CANDY SPOT CUSHION COVER,1,01-06-2022 9.26,3.29,
565231,85093,CANDY SPOT EGG WARMER HARE,1,01-06-2022 9.26,0.83,
565231,85123A,WHITE HANGING HEART T-LIGHT HOLDER,4,01-06-2022 9.26,2.95,
565231,85132C,CHARLIE AND LOLA FIGURES TINS,2,01-06-2022 9.26,5.79,
565232,20840,FRENCH FLORAL CUSHION COVER ,1,01-06-2022 9.30,3.29,
565232,20932,PINK POT PLANT CANDLE,1,01-06-2022 9.30,7.46,
565232,21012,ANTIQUE ALL GLASS CANDLESTICK,1,01-06-2022 9.30,2.46,
565232,21212,PACK OF 72 RETROSPOT CAKE CASES,1,01-06-2022 9.30,1.25,
565232,21231,SWEETHEART CERAMIC TRINKET BOX,1,01-06-2022 9.30,2.46,
565232,21232,STRAWBERRY CERAMIC TRINKET BOX,1,01-06-2022 9.30,2.46,
565232,21249,WOODLAND  HEIGHT CHART STICKERS ,1,01-06-2022 9.30,5.79,
565232,21253,SET OF PICTURE FRAME  STICKERS,2,01-06-2022 9.30,5.79,
565232,21329,DINOSAURS  WRITING SET ,1,01-06-2022 9.30,3.29,
565232,21356,TOAST ITS - FAIRY FLOWER,1,01-06-2022 9.30,0.83,
565232,21380,WOODEN HAPPY BIRTHDAY GARLAND,2,01-06-2022 9.30,5.79,
565232,21484,CHICK GREY HOT WATER BOTTLE,1,01-06-2022 9.30,8.29,
565232,21524,DOORMAT SPOTTY HOME SWEET HOME,1,01-06-2022 9.30,16.63,
565232,21625,VINTAGE UNION JACK APRON,2,01-06-2022 9.30,14.13,
565232,21731,RED TOADSTOOL LED NIGHT LIGHT,3,01-06-2022 9.30,3.29,
565232,21774,DECORATIVE CATS BATHROOM BOTTLE,1,01-06-2022 9.30,2.46,
565232,21775,DECORATIVE FLORE BATHROOM BOTTLE,1,01-06-2022 9.30,2.46,
565232,21786,POLKADOT RAIN HAT ,1,01-06-2022 9.30,0.83,
565232,21832,CHOCOLATE CALCULATOR,1,01-06-2022 9.30,3.29,
565232,21873,IF YOU CAN'T STAND THE HEAT MUG,1,01-06-2022 9.30,3.29,
565232,21880,RED RETROSPOT TAPE,3,01-06-2022 9.30,0.42,
565232,21889,WOODEN BOX OF DOMINOES,1,01-06-2022 9.30,2.46,
565232,21891,TRADITIONAL WOODEN SKIPPING ROPE,1,01-06-2022 9.30,2.46,
565232,21901,"KEY FOB , BACK DOOR ",1,01-06-2022 9.30,1.63,
565232,21903,MAN FLU METAL SIGN,1,01-06-2022 9.30,4.13,
565232,21928,JUMBO BAG SCANDINAVIAN BLUE PAISLEY,1,01-06-2022 9.30,4.13,
565232,21929,JUMBO BAG PINK VINTAGE PAISLEY,1,01-06-2022 9.30,4.13,
565232,21930,JUMBO STORAGE BAG SKULLS,2,01-06-2022 9.30,4.13,
565232,21931,JUMBO STORAGE BAG SUKI,3,01-06-2022 9.30,4.13,
565232,21934,SKULL SHOULDER BAG,1,01-06-2022 9.30,1.63,
565232,21935,SUKI  SHOULDER BAG,2,01-06-2022 9.30,1.63,
565232,21981,PACK OF 12 WOODLAND TISSUES ,1,01-06-2022 9.30,0.83,
565232,21990,MODERN FLORAL STATIONERY SET,1,01-06-2022 9.30,2.46,
565232,21993,FLORAL FOLK STATIONERY SET,1,01-06-2022 9.30,2.46,
565232,22067,CHOC TRUFFLE GOLD TRINKET POT ,1,01-06-2022 9.30,3.29,
565232,22077,6 RIBBONS RUSTIC CHARM,1,01-06-2022 9.30,3.29,
565232,22094,RED RETROSPOT TISSUE BOX,1,01-06-2022 9.30,2.46,
565232,22134,MINI LADLE LOVE HEART RED ,1,01-06-2022 9.30,0.83,
565232,22135,MINI LADLE LOVE HEART PINK,1,01-06-2022 9.30,0.83,
565232,22169,FAMILY ALBUM WHITE PICTURE FRAME,2,01-06-2022 9.30,16.63,
565232,22178,VICTORIAN GLASS HANGING T-LIGHT,2,01-06-2022 9.30,2.46,
565232,22180,RETROSPOT LAMP,1,01-06-2022 9.30,20.79,
565232,22195,LARGE HEART MEASURING SPOONS,2,01-06-2022 9.30,3.29,
565232,22196,SMALL HEART MEASURING SPOONS,1,01-06-2022 9.30,1.63,
565232,22200,FRYING PAN PINK POLKADOT,1,01-06-2022 9.30,8.29,
565232,22204,MILK PAN BLUE POLKADOT,1,01-06-2022 9.30,7.46,
565232,22211,WOOD STAMP SET FLOWERS,1,01-06-2022 9.30,3.29,
565232,22230,JIGSAW TREE WITH WATERING CAN,1,01-06-2022 9.30,1.63,
565232,22231,JIGSAW TREE WITH BIRDHOUSE,1,01-06-2022 9.30,3.29,
565232,22244,3 HOOK HANGER MAGIC GARDEN,2,01-06-2022 9.30,4.13,
565232,22246,MAGIC GARDEN FELT GARLAND ,1,01-06-2022 9.30,4.13,
565232,22251,BIRDHOUSE DECORATION MAGIC GARDEN,1,01-06-2022 9.30,2.46,
565232,22326,ROUND SNACK BOXES SET OF4 WOODLAND ,1,01-06-2022 9.30,5.79,
565232,22333,RETROSPOT PARTY BAG + STICKER SET,4,01-06-2022 9.30,3.29,
565232,22374,AIRLINE BAG VINTAGE JET SET RED,1,01-06-2022 9.30,8.29,
565232,22411,JUMBO SHOPPER VINTAGE RED PAISLEY,1,01-06-2022 9.30,4.13,
565232,22413,METAL SIGN TAKE IT OR LEAVE IT ,1,01-06-2022 9.30,5.79,
565232,22419,LIPSTICK PEN RED,1,01-06-2022 9.30,0.83,
565232,22420,LIPSTICK PEN BABY PINK,1,01-06-2022 9.30,0.83,
565232,22421,LIPSTICK PEN FUSCHIA,1,01-06-2022 9.30,0.83,
565232,22422,TOOTHPASTE TUBE PEN,1,01-06-2022 9.30,1.25,
565232,22424,ENAMEL BREAD BIN CREAM,2,01-06-2022 9.30,24.96,
565232,22425,ENAMEL COLANDER CREAM,1,01-06-2022 9.30,9.96,
565232,22449,SILK PURSE BABUSHKA PINK,3,01-06-2022 9.30,2.46,
565232,22452,MEASURING TAPE BABUSHKA PINK,2,01-06-2022 9.30,1.63,
565232,22487,WHITE WOOD GARDEN PLANT LADDER,1,01-06-2022 9.30,19.96,
565232,22563,HAPPY STENCIL CRAFT,1,01-06-2022 9.30,2.46,
565232,22627,MINT KITCHEN SCALES,1,01-06-2022 9.30,16.63,
565232,22628,PICNIC BOXES SET OF 3 RETROSPOT ,1,01-06-2022 9.30,9.96,
565232,22630,DOLLY GIRL LUNCH BOX,2,01-06-2022 9.30,4.13,
565232,22651,GENTLEMAN SHIRT REPAIR KIT ,1,01-06-2022 9.30,1.63,
565232,22653,BUTTON BOX ,2,01-06-2022 9.30,1.63,
565232,22659,LUNCH BOX I LOVE LONDON,1,01-06-2022 9.30,4.13,
565232,22661,CHARLOTTE BAG DOLLY GIRL DESIGN,1,01-06-2022 9.30,1.63,
565232,22662,LUNCH BAG DOLLY GIRL DESIGN,2,01-06-2022 9.30,4.13,
565232,22663,JUMBO BAG DOLLY GIRL DESIGN,2,01-06-2022 9.30,4.13,
565232,22666,RECIPE BOX PANTRY YELLOW DESIGN,1,01-06-2022 9.30,5.79,
565232,22701,PINK DOG BOWL,1,01-06-2022 9.30,2.46,
565232,22729,ALARM CLOCK BAKELIKE ORANGE,1,01-06-2022 9.30,7.46,
565232,22752,SET 7 BABUSHKA NESTING BOXES,1,01-06-2022 9.30,16.63,
565232,22759,SET OF 3 NOTEBOOKS IN PARCEL,2,01-06-2022 9.30,3.29,
565232,22772,PINK DRAWER KNOB ACRYLIC EDWARDIAN,3,01-06-2022 9.30,2.46,
565232,22781,GUMBALL MAGAZINE RACK,2,01-06-2022 9.30,14.96,
565232,22784,LANTERN CREAM GAZEBO ,1,01-06-2022 9.30,10.79,
565232,22792,FLUTED ANTIQUE CANDLE HOLDER,17,01-06-2022 9.30,1.63,
565232,22794,SWEETHEART WIRE MAGAZINE RACK,1,01-06-2022 9.30,15.79,
565232,22809,SET OF 6 T-LIGHTS SANTA,1,01-06-2022 9.30,5.79,
565232,22811,SET OF 6 T-LIGHTS CACTI ,2,01-06-2022 9.30,5.79,
565232,22814,CARD PARTY GAMES ,4,01-06-2022 9.30,0.42,
565232,22815,CARD PSYCHEDELIC APPLES,5,01-06-2022 9.30,0.42,
565232,22817,CARD SUKI BIRTHDAY,2,01-06-2022 9.30,0.42,
565232,22818,CARD CHRISTMAS VILLAGE,1,01-06-2022 9.30,0.83,
565232,22819,"BIRTHDAY CARD, RETRO SPOT",2,01-06-2022 9.30,0.42,
565232,22821,GIFT BAG PSYCHEDELIC APPLES,1,01-06-2022 9.30,0.83,
565232,22839,3 TIER CAKE TIN GREEN AND CREAM,1,01-06-2022 9.30,29.13,
565232,22843,BISCUIT TIN VINTAGE GREEN,1,01-06-2022 9.30,13.29,
565232,22844,VINTAGE CREAM DOG FOOD CONTAINER,1,01-06-2022 9.30,16.63,
565232,22867,HAND WARMER BIRD DESIGN,1,01-06-2022 9.30,4.13,
565232,22900,SET 2 TEA TOWELS I LOVE LONDON ,1,01-06-2022 9.30,6.63,
565232,22902,TOTE BAG I LOVE LONDON,1,01-06-2022 9.30,4.13,
565232,22909,SET OF 20 VINTAGE CHRISTMAS NAPKINS,1,01-06-2022 9.30,1.63,
565232,22961,JAM MAKING SET PRINTED,2,01-06-2022 9.30,3.29,
565232,22970,LONDON BUS COFFEE MUG,3,01-06-2022 9.30,4.96,
565232,22971,QUEENS GUARD COFFEE MUG,2,01-06-2022 9.30,4.96,
565232,22979,PANTRY WASHING UP BRUSH,1,01-06-2022 9.30,3.29,
565232,22982,PANTRY PASTRY BRUSH,1,01-06-2022 9.30,2.46,
565232,22988,SOLDIERS EGG CUP ,1,01-06-2022 9.30,2.46,
565232,22992,REVOLVER WOODEN RULER ,1,01-06-2022 9.30,4.13,
565232,22998,TRAVEL CARD WALLET KEEP CALM,1,01-06-2022 9.30,0.83,
565232,23004,TRAVEL CARD WALLET PANTRY,1,01-06-2022 9.30,0.83,
565232,23014,GLASS APOTHECARY BOTTLE ELIXIR,1,01-06-2022 9.30,8.29,
565232,23028,DRAWER KNOB CRACKLE GLAZE BLUE,1,01-06-2022 9.30,3.29,
565232,23031,DRAWER KNOB CRACKLE GLAZE PINK,1,01-06-2022 9.30,3.29,
565232,23032,DRAWER KNOB CRACKLE GLAZE IVORY,1,01-06-2022 9.30,3.29,
565232,23066,SMALL DECO JEWELLERY STAND,1,01-06-2022 9.30,16.63,
565232,23078,ICE CREAM PEN LIP GLOSS ,1,01-06-2022 9.30,2.46,
565232,23084,RABBIT NIGHT LIGHT,1,01-06-2022 9.30,4.13,
565232,23088,ZINC HEART FLOWER T-LIGHT HOLDER,2,01-06-2022 9.30,2.46,
565232,23089,GLASS BON BON JAR,1,01-06-2022 9.30,3.29,
565232,23153,ZINC SWEETHEART WIRE LETTER RACK,1,01-06-2022 9.30,7.46,
565232,23165,LARGE CERAMIC TOP STORAGE JAR,2,01-06-2022 9.30,3.29,
565232,23166,MEDIUM CERAMIC TOP STORAGE JAR,1,01-06-2022 9.30,2.46,
565232,23167,SMALL CERAMIC TOP STORAGE JAR ,1,01-06-2022 9.30,1.63,
565232,23176,ABC TREASURE BOOK BOX ,1,01-06-2022 9.30,4.58,
565232,23199,JUMBO BAG APPLES,3,01-06-2022 9.30,4.13,
565232,23200,JUMBO BAG PEARS,7,01-06-2022 9.30,4.13,
565232,23202,JUMBO BAG VINTAGE LEAF,1,01-06-2022 9.30,4.13,
565232,23203,JUMBO BAG VINTAGE DOILY ,1,01-06-2022 9.30,4.13,
565232,23206,LUNCH BAG APPLE DESIGN,1,01-06-2022 9.30,4.13,
565232,23236,STORAGE TIN VINTAGE DOILY ,1,01-06-2022 9.30,5.79,
565232,23238,SET OF 4 KNICK KNACK TINS LONDON ,2,01-06-2022 9.30,8.29,
565232,23245,SET OF 3 REGENCY CAKE TINS,2,01-06-2022 9.30,10.79,
565232,23301,GARDENERS KNEELING PAD KEEP CALM ,1,01-06-2022 9.30,3.29,
565232,23329,DECORATIVE WICKER HEART LARGE,1,01-06-2022 9.30,3.29,
565232,23333,IVORY WICKER HEART MEDIUM,1,01-06-2022 9.30,2.46,
565232,23341,PINK DINER WALL CLOCK,1,01-06-2022 9.30,16.63,
565232,23343,JUMBO BAG VINTAGE CHRISTMAS ,1,01-06-2022 9.30,4.13,
565232,23344,JUMBO BAG 50'S CHRISTMAS ,1,01-06-2022 9.30,4.13,
565232,23345, DOLLY GIRL BEAKER,1,01-06-2022 9.30,2.46,
565232,23353,6 GIFT TAGS VINTAGE CHRISTMAS ,1,01-06-2022 9.30,1.63,
565232,23354,6 GIFT TAGS 50'S CHRISTMAS ,1,01-06-2022 9.30,1.63,
565232,23373,VINTAGE CHRISTMAS PAPER GIFT BAG,1,01-06-2022 9.30,1.63,
565232,23375,50'S CHRISTMAS PAPER GIFT BAG,2,01-06-2022 9.30,1.63,
565232,23432,PRETTY HANGING QUILTED HEARTS,1,01-06-2022 9.30,10.79,
565232,23433,HANGING QUILTED PATCHWORK APPLES,1,01-06-2022 9.30,10.79,
565232,23436,VINTAGE CHRISTMAS GIFT BAG LARGE ,1,01-06-2022 9.30,2.46,
565232,48194,DOORMAT HEARTS,1,01-06-2022 9.30,15.79,
565232,51014C,"FEATHER PEN,COAL BLACK",1,01-06-2022 9.30,0.83,
565232,72598,SET/12 TAPER CANDLES,6,01-06-2022 9.30,1.63,
565232,72807C,SET/3 VANILLA SCENTED CANDLE IN BOX,1,01-06-2022 9.30,8.29,
565232,72818,CHRISTMAS DECOUPAGE CANDLE,1,01-06-2022 9.30,1.63,
565232,82486,3 DRAWER ANTIQUE WHITE WOOD CABINET,1,01-06-2022 9.30,16.63,
565232,82578,KITCHEN METAL SIGN,1,01-06-2022 9.30,1.25,
565232,15036,ASSORTED COLOURS SILK FAN,5,01-06-2022 9.30,1.63,
565232,15058B,PINK POLKADOT GARDEN PARASOL,2,01-06-2022 9.30,10.79,
565232,16237,SLEEPING CAT ERASERS,2,01-06-2022 9.30,0.42,
565232,17003,BROCADE RING PURSE ,1,01-06-2022 9.30,0.83,
565232,17084N,FAIRY DREAMS INCENSE ,2,01-06-2022 9.30,0.42,
565232,17084P,DRAGONS BLOOD INCENSE,1,01-06-2022 9.30,0.42,
565232,20674,GREEN POLKADOT BOWL,4,01-06-2022 9.30,2.46,
565232,20676,RED RETROSPOT BOWL,2,01-06-2022 9.30,2.46,
565232,20711,JUMBO BAG TOYS ,1,01-06-2022 9.30,4.13,
565232,20712,JUMBO BAG WOODLAND ANIMALS,1,01-06-2022 9.30,4.13,
565232,20713,JUMBO BAG OWLS,2,01-06-2022 9.30,4.13,
565232,20717,STRAWBERRY SHOPPER BAG,2,01-06-2022 9.30,2.46,
565232,20718,RED RETROSPOT SHOPPER BAG,5,01-06-2022 9.30,2.46,
565232,20724,RED RETROSPOT CHARLOTTE BAG,2,01-06-2022 9.30,1.63,
565232,20777,CHRYSANTHEMUM NOTEBOOK,2,01-06-2022 9.30,1.63,
565232,20838,FRENCH LATTICE CUSHION COVER ,1,01-06-2022 9.30,3.29,
565232,20839,FRENCH PAISLEY CUSHION COVER ,1,01-06-2022 9.30,3.29,
565232,84050,PINK HEART SHAPE EGG FRYING PAN,1,01-06-2022 9.30,4.13,
565232,84509A,SET OF 4 ENGLISH ROSE PLACEMATS,1,01-06-2022 9.30,7.46,
565232,84510A,SET OF 4 ENGLISH ROSE COASTERS,1,01-06-2022 9.30,2.46,
565232,84536A,ENGLISH ROSE NOTEBOOK A7 SIZE,1,01-06-2022 9.30,0.83,
565232,84580,MOUSE TOY WITH PINK T-SHIRT,1,01-06-2022 9.30,4.13,
565232,84581,DOG TOY WITH PINK CROCHET SKIRT,1,01-06-2022 9.30,4.13,
565232,84879,ASSORTED COLOUR BIRD ORNAMENT,8,01-06-2022 9.30,3.12,
565232,84946,ANTIQUE SILVER T-LIGHT GLASS,1,01-06-2022 9.30,2.46,
565232,84969,BOX OF 6 ASSORTED COLOUR TEASPOONS,1,01-06-2022 9.30,8.29,
565232,84970L,SINGLE HEART ZINC T-LIGHT HOLDER,2,01-06-2022 9.30,2.08,
565232,84978,HANGING HEART JAR T-LIGHT HOLDER,1,01-06-2022 9.30,2.46,
565232,85017B,ENVELOPE 50 BLOSSOM IMAGES,1,01-06-2022 9.30,0.83,
565232,85032A,ROMANTIC IMAGES GIFT WRAP SET,1,01-06-2022 9.30,1.63,
565232,85032C,CURIOUS IMAGES GIFT WRAP SET,1,01-06-2022 9.30,1.63,
565232,85038,6 CHOCOLATE LOVE HEART T-LIGHTS,1,01-06-2022 9.30,4.13,
565232,85040A,S/4 PINK FLOWER CANDLES IN BOWL,1,01-06-2022 9.30,3.29,
565232,85049G,CHOCOLATE BOX RIBBONS ,1,01-06-2022 9.30,2.46,
565232,85053,FRENCH ENAMEL CANDLEHOLDER,2,01-06-2022 9.30,4.13,
565232,85087,CANDY SPOT CUSHION COVER,1,01-06-2022 9.30,3.29,
565232,85099B,JUMBO BAG RED RETROSPOT,2,01-06-2022 9.30,4.13,
565232,85123A,WHITE HANGING HEART T-LIGHT HOLDER,1,01-06-2022 9.30,5.79,
565232,85131D,BEADED CRYSTAL HEART PINK ON STICK,2,01-06-2022 9.30,0.83,
565232,85169A,IVORY LOVE BIRD CANDLE,1,01-06-2022 9.30,2.46,
565232,85169B,BLACK LOVE BIRD CANDLE,1,01-06-2022 9.30,2.46,
565232,85199S,SMALL HANGING IVORY/RED WOOD BIRD,2,01-06-2022 9.30,0.83,
565232,90087,CRYSTAL SEA HORSE PHONE CHARM,1,01-06-2022 9.30,1.63,
565232,DOT,DOTCOM POSTAGE,1,01-06-2022 9.30,131.69,
565232,82483,WOOD 2 DRAWER CABINET WHITE FINISH,1,01-06-2022 9.30,6.95,
565232,22804,CANDLEHOLDER PINK HANGING HEART,5,01-06-2022 9.30,2.95,
565233,10133,COLOURING PENCILS BROWN TUBE,1,01-06-2022 9.34,0.83,
565233,15058C,ICE CREAM DESIGN GARDEN PARASOL,2,01-06-2022 9.34,10.79,
565233,16236,KITTY PENCIL ERASERS,1,01-06-2022 9.34,0.42,
565233,16237,SLEEPING CAT ERASERS,1,01-06-2022 9.34,0.42,
565233,20619,TROPICAL PASSPORT COVER ,1,01-06-2022 9.34,4.13,
565233,20677,PINK POLKADOT BOWL,1,01-06-2022 9.34,2.46,
565233,20700,GREEN CAT FLORAL CUSHION COVER ,1,01-06-2022 9.34,4.13,
565233,20711,JUMBO BAG TOYS ,1,01-06-2022 9.34,4.13,
565233,20713,JUMBO BAG OWLS,12,01-06-2022 9.34,4.13,
565233,20719,WOODLAND CHARLOTTE BAG,12,01-06-2022 9.34,1.63,
565233,20723,STRAWBERRY CHARLOTTE BAG,2,01-06-2022 9.34,1.63,
565233,20724,RED RETROSPOT CHARLOTTE BAG,14,01-06-2022 9.34,1.63,
565233,20725,LUNCH BAG RED RETROSPOT,2,01-06-2022 9.34,4.13,
565233,20726,LUNCH BAG WOODLAND,1,01-06-2022 9.34,4.13,
565233,20727,LUNCH BAG  BLACK SKULL.,4,01-06-2022 9.34,4.13,
565233,20733,GOLD MINI TAPE MEASURE ,1,01-06-2022 9.34,0.83,
565233,20764,ABSTRACT CIRCLES SKETCHBOOK ,1,01-06-2022 9.34,7.46,
565233,20963,APPLE BATH SPONGE,2,01-06-2022 9.34,2.46,
565233,20979,36 PENCILS TUBE RED RETROSPOT,1,01-06-2022 9.34,2.46,
565233,20985,HEART CALCULATOR,1,01-06-2022 9.34,2.46,
565233,21078,SET/20 STRAWBERRY PAPER NAPKINS ,1,01-06-2022 9.34,1.63,
565233,21086,SET/6 RED SPOTTY PAPER CUPS,3,01-06-2022 9.34,1.63,
565233,21090,SET/6 COLLAGE PAPER PLATES,7,01-06-2022 9.34,0.83,
565233,21094,SET/6 RED SPOTTY PAPER PLATES,3,01-06-2022 9.34,0.83,
565233,21123,SET/10 IVORY POLKADOT PARTY CANDLES,2,01-06-2022 9.34,0.83,
565233,21156,RETROSPOT CHILDRENS APRON,1,01-06-2022 9.34,4.13,
565233,21200,MULTICOLOUR HONEYCOMB PAPER GARLAND,1,01-06-2022 9.34,3.29,
565233,21232,STRAWBERRY CERAMIC TRINKET BOX,1,01-06-2022 9.34,2.46,
565233,21261,GREEN GOOSE FEATHER CHRISTMAS TREE ,1,01-06-2022 9.34,7.46,
565233,21262,WHITE GOOSE FEATHER CHRISTMAS TREE ,1,01-06-2022 9.34,7.46,
565233,21289,LARGE STRIPES CHOCOLATE GIFT BAG,1,01-06-2022 9.34,1.25,
565233,21292,SMALL STRIPES CHOCOLATE GIFT BAG ,1,01-06-2022 9.34,1.63,
565233,21327,SKULLS WRITING SET ,1,01-06-2022 9.34,3.29,
565233,21429,RED GINGHAM ROSE JEWELLERY BOX,1,01-06-2022 9.34,4.13,
565233,21471,STRAWBERRY RAFFIA FOOD COVER,2,01-06-2022 9.34,3.29,
565233,21494,ROTATING LEAVES T-LIGHT HOLDER,1,01-06-2022 9.34,2.46,
565233,21640,ASSORTED TUTTI FRUTTI  FOB NOTEBOOK,1,01-06-2022 9.34,1.63,
565233,21705,BAG 500g SWIRLY MARBLES,1,01-06-2022 9.34,3.29,
565233,21733,RED HANGING HEART T-LIGHT HOLDER,1,01-06-2022 9.34,5.79,
565233,21790,VINTAGE SNAP CARDS,2,01-06-2022 9.34,1.63,
565233,21791,VINTAGE HEADS AND TAILS CARD GAME ,2,01-06-2022 9.34,2.46,
565233,21832,CHOCOLATE CALCULATOR,2,01-06-2022 9.34,3.29,
565233,21876,POTTERING MUG,1,01-06-2022 9.34,3.29,
565233,21899,GARAGE KEY FOB,1,01-06-2022 9.34,1.63,
565233,21900,"KEY FOB , SHED",1,01-06-2022 9.34,1.63,
565233,21929,JUMBO BAG PINK VINTAGE PAISLEY,23,01-06-2022 9.34,4.13,
565233,21932,SCANDINAVIAN PAISLEY PICNIC BAG,2,01-06-2022 9.34,2.46,
565233,21933,PINK VINTAGE PAISLEY PICNIC BAG,1,01-06-2022 9.34,2.46,
565233,21934,SKULL SHOULDER BAG,7,01-06-2022 9.34,1.63,
565233,21935,SUKI  SHOULDER BAG,10,01-06-2022 9.34,1.63,
565233,21936,RED RETROSPOT PICNIC BAG,3,01-06-2022 9.34,5.79,
565233,21974,SET OF 36 PAISLEY FLOWER DOILIES,1,01-06-2022 9.34,2.92,
565233,21992,VINTAGE PAISLEY STATIONERY SET,1,01-06-2022 9.34,2.46,
565233,22029,SPACEBOY BIRTHDAY CARD,1,01-06-2022 9.34,0.83,
565233,22074,6 RIBBONS SHIMMERING PINKS ,1,01-06-2022 9.34,1.25,
565233,22076,6 RIBBONS EMPIRE  ,1,01-06-2022 9.34,1.25,
565233,22086,PAPER CHAIN KIT 50'S CHRISTMAS ,1,01-06-2022 9.34,5.79,
565233,22090,PAPER BUNTING RETROSPOT,2,01-06-2022 9.34,5.79,
565233,22104,MIRROR MOSAIC CANDLE PLATE,1,01-06-2022 9.34,1.63,
565233,22107,PIZZA PLATE IN BOX,1,01-06-2022 9.34,3.29,
565233,22115,METAL SIGN EMPIRE TEA,1,01-06-2022 9.34,5.79,
565233,22123,PING MICROWAVE APRON,1,01-06-2022 9.34,4.13,
565233,22129,PARTY CONES CANDY DECORATION,2,01-06-2022 9.34,2.46,
565233,22138,BAKING SET 9 PIECE RETROSPOT ,1,01-06-2022 9.34,10.79,
565233,22161,HEART DECORATION RUSTIC HANGING ,2,01-06-2022 9.34,0.79,
565233,22178,VICTORIAN GLASS HANGING T-LIGHT,3,01-06-2022 9.34,2.46,
565233,22179,SET 10 NIGHT OWL LIGHTS,1,01-06-2022 9.34,13.29,
565233,22197,POPCORN HOLDER,2,01-06-2022 9.34,1.63,
565233,22294,HEART FILIGREE DOVE  SMALL,1,01-06-2022 9.34,2.46,
565233,22300,COFFEE MUG DOG + BALL DESIGN,2,01-06-2022 9.34,4.96,
565233,22301,COFFEE MUG CAT + BIRD DESIGN,2,01-06-2022 9.34,4.96,
565233,22327,ROUND SNACK BOXES SET OF 4 SKULLS,1,01-06-2022 9.34,5.79,
565233,22333,RETROSPOT PARTY BAG + STICKER SET,2,01-06-2022 9.34,3.29,
565233,22355,CHARLOTTE BAG SUKI DESIGN,2,01-06-2022 9.34,1.63,
565233,22356,CHARLOTTE BAG PINK POLKADOT,6,01-06-2022 9.34,1.63,
565233,22362,GLASS JAR PEACOCK BATH SALTS,1,01-06-2022 9.34,5.79,
565233,22371,AIRLINE BAG VINTAGE TOKYO 78,1,01-06-2022 9.34,8.29,
565233,22372,AIRLINE BAG VINTAGE WORLD CHAMPION ,1,01-06-2022 9.34,8.29,
565233,22379,RECYCLING BAG RETROSPOT ,1,01-06-2022 9.34,4.13,
565233,22384,LUNCH BAG PINK POLKADOT,1,01-06-2022 9.34,4.13,
565233,22411,JUMBO SHOPPER VINTAGE RED PAISLEY,10,01-06-2022 9.34,4.13,
565233,22419,LIPSTICK PEN RED,1,01-06-2022 9.34,0.83,
565233,22420,LIPSTICK PEN BABY PINK,1,01-06-2022 9.34,0.83,
565233,22421,LIPSTICK PEN FUSCHIA,3,01-06-2022 9.34,0.83,
565233,22431,WATERING CAN BLUE ELEPHANT,1,01-06-2022 9.34,4.13,
565233,22433,WATERING CAN GREEN DINOSAUR,1,01-06-2022 9.34,4.13,
565233,22446,PIN CUSHION BABUSHKA PINK,1,01-06-2022 9.34,2.46,
565233,22452,MEASURING TAPE BABUSHKA PINK,1,01-06-2022 9.34,1.63,
565233,22460,EMBOSSED GLASS TEALIGHT HOLDER,1,01-06-2022 9.34,2.46,
565233,22466,FAIRY TALE COTTAGE NIGHT LIGHT,1,01-06-2022 9.34,4.13,
565233,22507,MEMO BOARD RETROSPOT  DESIGN,1,01-06-2022 9.34,10.79,
565233,22549,PICTURE DOMINOES,1,01-06-2022 9.34,3.29,
565233,22607,WOODEN ROUNDERS GARDEN SET ,1,01-06-2022 9.34,8.29,
565233,22608,PENS ASSORTED FUNKY JEWELED ,3,01-06-2022 9.34,0.42,
565233,22609,PENS ASSORTED SPACEBALL,1,01-06-2022 9.34,1.63,
565233,22620,4 TRADITIONAL SPINNING TOPS,1,01-06-2022 9.34,2.46,
565233,22627,MINT KITCHEN SCALES,1,01-06-2022 9.34,16.63,
565233,22631,CIRCUS PARADE LUNCH BOX ,1,01-06-2022 9.34,4.13,
565233,22653,BUTTON BOX ,10,01-06-2022 9.34,1.63,
565233,22659,LUNCH BOX I LOVE LONDON,1,01-06-2022 9.34,4.13,
565233,22661,CHARLOTTE BAG DOLLY GIRL DESIGN,1,01-06-2022 9.34,1.63,
565233,22666,RECIPE BOX PANTRY YELLOW DESIGN,1,01-06-2022 9.34,5.79,
565233,22676,FRENCH BLUE METAL DOOR SIGN 1,1,01-06-2022 9.34,2.46,
565233,22680,FRENCH BLUE METAL DOOR SIGN 5,1,01-06-2022 9.34,2.46,
565233,22681,FRENCH BLUE METAL DOOR SIGN 6,1,01-06-2022 9.34,2.46,
565233,22701,PINK DOG BOWL,1,01-06-2022 9.34,2.46,
565233,22712,CARD DOLLY GIRL ,2,01-06-2022 9.34,0.83,
565233,22713,CARD I LOVE LONDON ,2,01-06-2022 9.34,0.83,
565233,22725,ALARM CLOCK BAKELIKE CHOCOLATE,1,01-06-2022 9.34,7.46,
565233,22741,FUNKY DIVA PEN,1,01-06-2022 9.34,1.63,
565233,22745,POPPY'S PLAYHOUSE BEDROOM ,2,01-06-2022 9.34,4.13,
565233,22755,SMALL PURPLE BABUSHKA NOTEBOOK ,1,01-06-2022 9.34,1.63,
565233,22766,PHOTO FRAME CORNICE,1,01-06-2022 9.34,5.79,
565233,22774,RED DRAWER KNOB ACRYLIC EDWARDIAN,6,01-06-2022 9.34,2.46,
565233,22791,T-LIGHT GLASS FLUTED ANTIQUE,3,01-06-2022 9.34,2.46,
565233,22814,CARD PARTY GAMES ,2,01-06-2022 9.34,0.42,
565233,22815,CARD PSYCHEDELIC APPLES,3,01-06-2022 9.34,0.42,
565233,22817,CARD SUKI BIRTHDAY,1,01-06-2022 9.34,0.42,
565233,22819,"BIRTHDAY CARD, RETRO SPOT",1,01-06-2022 9.34,0.42,
565233,22821,GIFT BAG PSYCHEDELIC APPLES,1,01-06-2022 9.34,0.83,
565233,22844,VINTAGE CREAM DOG FOOD CONTAINER,1,01-06-2022 9.34,16.63,
565233,22874,NUMBER TILE COTTAGE GARDEN 6,1,01-06-2022 9.34,4.13,
565233,22880,NUMBER TILE VINTAGE FONT 1,1,01-06-2022 9.34,4.13,
565233,22881,NUMBER TILE VINTAGE FONT 2,2,01-06-2022 9.34,4.13,
565233,22902,TOTE BAG I LOVE LONDON,1,01-06-2022 9.34,4.13,
565233,22907,PACK OF 20 NAPKINS PANTRY DESIGN,1,01-06-2022 9.34,1.63,
565233,22911,PAPER CHAIN KIT LONDON,1,01-06-2022 9.34,5.79,
565233,22951,60 CAKE CASES DOLLY GIRL DESIGN,1,01-06-2022 9.34,1.25,
565233,22960,JAM MAKING SET WITH JARS,3,01-06-2022 9.34,8.29,
565233,22961,JAM MAKING SET PRINTED,1,01-06-2022 9.34,3.29,
565233,22988,SOLDIERS EGG CUP ,2,01-06-2022 9.34,2.46,
565233,22992,REVOLVER WOODEN RULER ,1,01-06-2022 9.34,4.13,
565233,22995,TRAVEL CARD WALLET SUKI,1,01-06-2022 9.34,0.83,
565233,23000,TRAVEL CARD WALLET TRANSPORT,1,01-06-2022 9.34,0.83,
565233,23014,GLASS APOTHECARY BOTTLE ELIXIR,1,01-06-2022 9.34,8.29,
565233,23032,DRAWER KNOB CRACKLE GLAZE IVORY,2,01-06-2022 9.34,3.29,
565233,23052,RECYCLED ACAPULCO MAT TURQUOISE,1,01-06-2022 9.34,16.63,
565233,23076,ICE CREAM SUNDAE LIP GLOSS,2,01-06-2022 9.34,2.46,
565233,23077,DOUGHNUT LIP GLOSS ,3,01-06-2022 9.34,2.46,
565233,23078,ICE CREAM PEN LIP GLOSS ,6,01-06-2022 9.34,2.46,
565233,23084,RABBIT NIGHT LIGHT,8,01-06-2022 9.34,4.13,
565233,23089,GLASS BON BON JAR,1,01-06-2022 9.34,3.29,
565233,23170,REGENCY TEA PLATE ROSES ,2,01-06-2022 9.34,3.29,
565233,23178,JAM CLOCK MAGNET,3,01-06-2022 9.34,5.79,
565233,23188,VINTAGE  2 METER FOLDING RULER,1,01-06-2022 9.34,3.29,
565233,23194,GYMKHANA TREASURE BOOK BOX,1,01-06-2022 9.34,4.58,
565233,23199,JUMBO BAG APPLES,12,01-06-2022 9.34,4.13,
565233,23201,JUMBO BAG ALPHABET,1,01-06-2022 9.34,4.13,
565233,23204,CHARLOTTE BAG APPLES DESIGN,16,01-06-2022 9.34,1.63,
565233,23207,LUNCH BAG ALPHABET DESIGN,1,01-06-2022 9.34,4.13,
565233,23209,LUNCH BAG VINTAGE DOILY ,1,01-06-2022 9.34,4.13,
565233,23210,WHITE ROCKING HORSE HAND PAINTED,1,01-06-2022 9.34,2.46,
565233,23211,RED ROCKING HORSE HAND PAINTED,1,01-06-2022 9.34,2.46,
565233,23238,SET OF 4 KNICK KNACK TINS LONDON ,1,01-06-2022 9.34,8.29,
565233,23289,DOLLY GIRL CHILDRENS BOWL,1,01-06-2022 9.34,2.46,
565233,23293,SET OF 12 FAIRY CAKE BAKING CASES,1,01-06-2022 9.34,2.46,
565233,23301,GARDENERS KNEELING PAD KEEP CALM ,1,01-06-2022 9.34,3.29,
565233,23309,SET OF 60 I LOVE LONDON CAKE CASES ,2,01-06-2022 9.34,1.25,
565233,23326,HANGING MINI COLOURED BOTTLES,1,01-06-2022 9.34,8.29,
565233,23344,JUMBO BAG 50'S CHRISTMAS ,1,01-06-2022 9.34,4.13,
565233,23347,I LOVE LONDON BEAKER,1,01-06-2022 9.34,2.46,
565233,23438, RED SPOT GIFT BAG LARGE,2,01-06-2022 9.34,2.46,
565233,35648,VINTAGE BEAD PINK PURSE ,1,01-06-2022 9.34,1.63,
565233,47310M,SMALL POP BOX FUNKY MONKEY,1,01-06-2022 9.34,1.63,
565233,47480,HANGING PHOTO CLIP ROPE LADDER,1,01-06-2022 9.34,3.29,
565233,47599A,PINK PARTY BAGS,1,01-06-2022 9.34,4.13,
565233,82482,WOODEN PICTURE FRAME WHITE FINISH,1,01-06-2022 9.34,5.79,
565233,82484,WOOD BLACK BOARD ANT WHITE FINISH,1,01-06-2022 9.34,16.63,
565233,82551,LAUNDRY 15C METAL SIGN,1,01-06-2022 9.34,2.46,
565233,82567,"AIRLINE LOUNGE,METAL SIGN",2,01-06-2022 9.34,1.63,
565233,84029G,KNITTED UNION FLAG HOT WATER BOTTLE,1,01-06-2022 9.34,8.29,
565233,84031B,CHARLIE LOLA BLUE HOT WATER BOTTLE ,2,01-06-2022 9.34,4.13,
565233,84032A,CHARLIE+LOLA PINK HOT WATER BOTTLE,1,01-06-2022 9.34,3.29,
565233,84032B,CHARLIE + LOLA RED HOT WATER BOTTLE,1,01-06-2022 9.34,3.29,
565233,84279P,CHERRY BLOSSOM  DECORATIVE FLASK,1,01-06-2022 9.34,8.29,
565233,84596B,SMALL DOLLY MIX DESIGN ORANGE BOWL,2,01-06-2022 9.34,0.83,
565233,84596F,SMALL MARSHMALLOWS PINK BOWL,1,01-06-2022 9.34,0.83,
565233,84596G,SMALL CHOCOLATES PINK BOWL,2,01-06-2022 9.34,0.83,
565233,84659A,WHITE TRAVEL ALARM CLOCK,1,01-06-2022 9.34,2.46,
565233,84912B,GREEN ROSE WASHBAG,1,01-06-2022 9.34,3.29,
565233,84969,BOX OF 6 ASSORTED COLOUR TEASPOONS,1,01-06-2022 9.34,8.29,
565233,84970S,HANGING HEART ZINC T-LIGHT HOLDER,10,01-06-2022 9.34,2.08,
565233,84987,SET OF 36 TEATIME PAPER DOILIES,1,01-06-2022 9.34,2.92,
565233,85032A,ROMANTIC IMAGES GIFT WRAP SET,2,01-06-2022 9.34,1.63,
565233,85049H,URBAN BLACK RIBBONS ,1,01-06-2022 9.34,0.83,
565233,85099B,JUMBO BAG RED RETROSPOT,17,01-06-2022 9.34,4.13,
565233,85099F,JUMBO BAG STRAWBERRY,1,01-06-2022 9.34,4.13,
565233,85131C,BEADED CRYSTAL HEART BLUE ON STICK,10,01-06-2022 9.34,0.83,
565233,85131D,BEADED CRYSTAL HEART PINK ON STICK,3,01-06-2022 9.34,0.83,
565233,85132C,CHARLIE AND LOLA FIGURES TINS,1,01-06-2022 9.34,5.79,
565233,85176,SEWING SUSAN 21 NEEDLE SET,1,01-06-2022 9.34,1.63,
565233,85202,HANGING WOOD AND FELT HEART,1,01-06-2022 9.34,0.79,
565233,85204,HANGING WOOD AND FELT FLOWER,1,01-06-2022 9.34,0.42,
565233,85231B,CINAMMON SET OF 9 T-LIGHTS,1,01-06-2022 9.34,1.63,
565233,85231G,ORANGE SCENTED SET/9 T-LIGHTS,1,01-06-2022 9.34,1.63,
565233,90041,PEARL AND CHERRY QUARTZ BRACLET,1,01-06-2022 9.34,3.73,
565233,90070,RUBY GLASS CLUSTER BRACELET,1,01-06-2022 9.34,6.23,
565233,90082A,DIAMANTE BOW BROOCH GREEN COLOUR,1,01-06-2022 9.34,6.65,
565233,90122B,JADE CRYSTAL+GLASS BRACELET,1,01-06-2022 9.34,4.98,
565233,90129A,PINK GLASS TASSLE BAG CHARM ,1,01-06-2022 9.34,1.63,
565233,90129F,RED GLASS TASSLE BAG CHARM,2,01-06-2022 9.34,1.63,
565233,90197B,BLACK GLASS BRACELET W HEART CHARMS,1,01-06-2022 9.34,4.98,
565233,90200B,BLACK SWEETHEART BRACELET,1,01-06-2022 9.34,4.15,
565233,90200D,PINK SWEETHEART BRACELET,1,01-06-2022 9.34,4.15,
565233,90200E,GREEN SWEETHEART BRACELET,1,01-06-2022 9.34,4.15,
565233,90214E,"LETTER ""E"" BLING KEY RING",1,01-06-2022 9.34,0.83,
565233,90214G,"LETTER ""G"" BLING KEY RING",1,01-06-2022 9.34,0.83,
565233,90214J,"LETTER ""J"" BLING KEY RING",1,01-06-2022 9.34,0.83,
565233,DOT,DOTCOM POSTAGE,1,01-06-2022 9.34,235.02,
565233,82483,WOOD 2 DRAWER CABINET WHITE FINISH,3,01-06-2022 9.34,6.95,
565233,82494L,WOODEN FRAME ANTIQUE WHITE ,4,01-06-2022 9.34,2.95,
565234,22426,ENAMEL WASH BOWL CREAM,1,01-06-2022 9.38,7.46,
565234,22445,PENCIL CASE LIFE IS BEAUTIFUL,1,01-06-2022 9.38,5.79,
565234,22457,NATURAL SLATE HEART CHALKBOARD ,3,01-06-2022 9.38,5.79,
565234,22492,MINI PAINT SET VINTAGE ,1,01-06-2022 9.38,1.63,
565234,22500,SET OF 2 TINS JARDIN DE PROVENCE,1,01-06-2022 9.38,10.79,
565234,22507,MEMO BOARD RETROSPOT  DESIGN,1,01-06-2022 9.38,10.79,
565234,22508,DOORSTOP RETROSPOT HEART,1,01-06-2022 9.38,7.46,
565234,22539,MINI JIGSAW DOLLY GIRL,1,01-06-2022 9.38,0.83,
565234,22553,PLASTERS IN TIN SKULLS,1,01-06-2022 9.38,3.29,
565234,22554,PLASTERS IN TIN WOODLAND ANIMALS,1,01-06-2022 9.38,3.29,
565234,22555,PLASTERS IN TIN STRONGMAN,1,01-06-2022 9.38,3.29,
565234,22584,PACK OF 6 PANNETONE GIFT BOXES,2,01-06-2022 9.38,4.96,
565234,22585,PACK OF 6 BIRDY GIFT TAGS,1,01-06-2022 9.38,2.46,
565234,22586,FELTCRAFT HAIRBAND PINK AND BLUE,2,01-06-2022 9.38,1.63,
565234,22602,RETROSPOT WOODEN HEART DECORATION,5,01-06-2022 9.38,1.63,
565234,22626,BLACK KITCHEN SCALES,1,01-06-2022 9.38,16.63,
565234,22628,PICNIC BOXES SET OF 3 RETROSPOT ,1,01-06-2022 9.38,9.96,
565234,22629,SPACEBOY LUNCH BOX ,1,01-06-2022 9.38,4.13,
565234,22630,DOLLY GIRL LUNCH BOX,2,01-06-2022 9.38,4.13,
565234,22652,TRAVEL SEWING KIT,3,01-06-2022 9.38,3.29,
565234,22653,BUTTON BOX ,1,01-06-2022 9.38,1.63,
565234,22661,CHARLOTTE BAG DOLLY GIRL DESIGN,1,01-06-2022 9.38,1.63,
565234,22662,LUNCH BAG DOLLY GIRL DESIGN,2,01-06-2022 9.38,4.13,
565234,22663,JUMBO BAG DOLLY GIRL DESIGN,1,01-06-2022 9.38,4.13,
565234,22676,FRENCH BLUE METAL DOOR SIGN 1,2,01-06-2022 9.38,2.46,
565234,22679,FRENCH BLUE METAL DOOR SIGN 4,1,01-06-2022 9.38,2.46,
565234,22683,FRENCH BLUE METAL DOOR SIGN 8,1,01-06-2022 9.38,2.46,
565234,22684,FRENCH BLUE METAL DOOR SIGN 9,2,01-06-2022 9.38,2.46,
565234,22686,FRENCH BLUE METAL DOOR SIGN No,2,01-06-2022 9.38,2.46,
565234,22697,GREEN REGENCY TEACUP AND SAUCER,9,01-06-2022 9.38,5.79,
565234,22698,PINK REGENCY TEACUP AND SAUCER,9,01-06-2022 9.38,5.79,
565234,22699,ROSES REGENCY TEACUP AND SAUCER ,9,01-06-2022 9.38,5.79,
565234,22703,PINK CAT BOWL,1,01-06-2022 9.38,1.63,
565234,22712,CARD DOLLY GIRL ,2,01-06-2022 9.38,0.83,
565234,22720,SET OF 3 CAKE TINS PANTRY DESIGN ,3,01-06-2022 9.38,10.79,
565234,22743,MAKE YOUR OWN FLOWERPOWER CARD KIT,1,01-06-2022 9.38,5.79,
565234,22745,POPPY'S PLAYHOUSE BEDROOM ,1,01-06-2022 9.38,4.13,
565234,22746,POPPY'S PLAYHOUSE LIVINGROOM ,1,01-06-2022 9.38,4.13,
565234,22748,POPPY'S PLAYHOUSE KITCHEN,1,01-06-2022 9.38,4.13,
565234,22801,ANTIQUE GLASS PEDESTAL BOWL,2,01-06-2022 9.38,7.46,
565234,22812,PACK 3 BOXES CHRISTMAS PANNETONE,5,01-06-2022 9.38,4.13,
565234,22814,CARD PARTY GAMES ,6,01-06-2022 9.38,0.42,
565234,22815,CARD PSYCHEDELIC APPLES,1,01-06-2022 9.38,0.42,
565234,22817,CARD SUKI BIRTHDAY,1,01-06-2022 9.38,0.42,
565234,22819,"BIRTHDAY CARD, RETRO SPOT",2,01-06-2022 9.38,0.42,
565234,22839,3 TIER CAKE TIN GREEN AND CREAM,2,01-06-2022 9.38,29.13,
565234,22847,BREAD BIN DINER STYLE IVORY,1,01-06-2022 9.38,33.29,
565234,22906,12 MESSAGE CARDS WITH ENVELOPES,1,01-06-2022 9.38,3.29,
565234,22952,60 CAKE CASES VINTAGE CHRISTMAS,1,01-06-2022 9.38,1.25,
565234,22960,JAM MAKING SET WITH JARS,1,01-06-2022 9.38,8.29,
565234,22961,JAM MAKING SET PRINTED,2,01-06-2022 9.38,3.29,
565234,22962,JAM JAR WITH PINK LID,1,01-06-2022 9.38,1.63,
565234,22963,JAM JAR WITH GREEN LID,1,01-06-2022 9.38,1.63,
565234,22993,SET OF 4 PANTRY JELLY MOULDS,3,01-06-2022 9.38,2.46,
565234,22994,TRAVEL CARD WALLET RETROSPOT,1,01-06-2022 9.38,0.83,
565234,22996,TRAVEL CARD WALLET VINTAGE TICKET,1,01-06-2022 9.38,0.83,
565234,23004,TRAVEL CARD WALLET PANTRY,3,01-06-2022 9.38,0.83,
565234,23005,TRAVEL CARD WALLET I LOVE LONDON,1,01-06-2022 9.38,0.83,
565234,23009,I LOVE LONDON BABY GIFT SET,2,01-06-2022 9.38,24.96,
565234,23012,GLASS APOTHECARY BOTTLE PERFUME,1,01-06-2022 9.38,8.29,
565234,23078,ICE CREAM PEN LIP GLOSS ,1,01-06-2022 9.38,2.46,
565234,23084,RABBIT NIGHT LIGHT,4,01-06-2022 9.38,4.13,
565234,23089,GLASS BON BON JAR,1,01-06-2022 9.38,3.29,
565234,23108,SET OF 10 LED DOLLY LIGHTS,1,01-06-2022 9.38,12.46,
565234,23169,CLASSIC GLASS COOKIE JAR,1,01-06-2022 9.38,8.29,
565234,23176,ABC TREASURE BOOK BOX ,1,01-06-2022 9.38,4.58,
565234,23178,JAM CLOCK MAGNET,2,01-06-2022 9.38,5.79,
565234,23192,BUNDLE OF 3 ALPHABET EXERCISE BOOKS,1,01-06-2022 9.38,3.29,
565234,23196,VINTAGE LEAF MAGNETIC NOTEPAD,1,01-06-2022 9.38,3.29,
565234,23198,PANTRY MAGNETIC  SHOPPING LIST,2,01-06-2022 9.38,3.29,
565234,23199,JUMBO BAG APPLES,1,01-06-2022 9.38,4.13,
565234,23200,JUMBO BAG PEARS,1,01-06-2022 9.38,4.13,
565234,23201,JUMBO BAG ALPHABET,1,01-06-2022 9.38,4.13,
565234,23203,JUMBO BAG VINTAGE DOILY ,1,01-06-2022 9.38,4.13,
565234,23206,LUNCH BAG APPLE DESIGN,2,01-06-2022 9.38,4.13,
565234,23207,LUNCH BAG ALPHABET DESIGN,1,01-06-2022 9.38,4.13,
565234,23209,LUNCH BAG VINTAGE DOILY ,1,01-06-2022 9.38,4.13,
565234,23240,SET OF 4 KNICK KNACK TINS DOILY ,1,01-06-2022 9.38,8.29,
565234,23243,SET OF TEA COFFEE SUGAR TINS PANTRY,1,01-06-2022 9.38,10.79,
565234,23285,PINK VINTAGE SPOT BEAKER,2,01-06-2022 9.38,1.63,
565234,23286,BLUE VINTAGE SPOT BEAKER,2,01-06-2022 9.38,1.63,
565234,23287,RED VINTAGE SPOT BEAKER,1,01-06-2022 9.38,1.63,
565234,23288,GREEN VINTAGE SPOT BEAKER,1,01-06-2022 9.38,1.63,
565234,23289,DOLLY GIRL CHILDRENS BOWL,1,01-06-2022 9.38,2.46,
565234,23293,SET OF 12 FAIRY CAKE BAKING CASES,1,01-06-2022 9.38,2.46,
565234,23300,GARDENERS KNEELING PAD CUP OF TEA ,1,01-06-2022 9.38,3.29,
565234,23301,GARDENERS KNEELING PAD KEEP CALM ,1,01-06-2022 9.38,3.29,
565234,23309,SET OF 60 I LOVE LONDON CAKE CASES ,3,01-06-2022 9.38,1.25,
565234,23322,LARGE WHITE HEART OF WICKER,1,01-06-2022 9.38,5.79,
565234,23323,WHITE WICKER STAR ,1,01-06-2022 9.38,4.13,
565234,23326,HANGING MINI COLOURED BOTTLES,1,01-06-2022 9.38,8.29,
565234,23328,SET 6 SCHOOL MILK BOTTLES IN CRATE,4,01-06-2022 9.38,7.46,
565234,23331,DECORATIVE WICKER HEART SMALL,1,01-06-2022 9.38,1.25,
565234,23353,6 GIFT TAGS VINTAGE CHRISTMAS ,1,01-06-2022 9.38,1.63,
565234,23358,HOT STUFF HOT WATER BOTTLE,1,01-06-2022 9.38,7.46,
565234,35471D,SET OF 3 BIRD LIGHT PINK FEATHER ,3,01-06-2022 9.38,1.25,
565234,35648,VINTAGE BEAD PINK PURSE ,2,01-06-2022 9.38,1.63,
565234,46775D,SUNSET COLOUR CHUNKY KNITTED THROW,2,01-06-2022 9.38,8.29,
565234,46776F,WOVEN ROSE GARDEN CUSHION COVER ,1,01-06-2022 9.38,4.13,
565234,51014L,"FEATHER PEN,LIGHT PINK",2,01-06-2022 9.38,0.83,
565234,70007,HI TEC ALPINE HAND WARMER,1,01-06-2022 9.38,3.29,
565234,71053,WHITE METAL LANTERN,35,01-06-2022 9.38,8.29,
565234,82484,WOOD BLACK BOARD ANT WHITE FINISH,2,01-06-2022 9.38,16.63,
565234,82567,"AIRLINE LOUNGE,METAL SIGN",1,01-06-2022 9.38,1.63,
565234,84509A,SET OF 4 ENGLISH ROSE PLACEMATS,1,01-06-2022 9.38,7.46,
565234,84510A,SET OF 4 ENGLISH ROSE COASTERS,1,01-06-2022 9.38,2.46,
565234,84536A,ENGLISH ROSE NOTEBOOK A7 SIZE,1,01-06-2022 9.38,0.83,
565234,84596B,SMALL DOLLY MIX DESIGN ORANGE BOWL,2,01-06-2022 9.38,0.83,
565234,84596F,SMALL MARSHMALLOWS PINK BOWL,2,01-06-2022 9.38,0.83,
565234,84832,ZINC WILLIE WINKIE  CANDLE STICK,2,01-06-2022 9.38,1.63,
565234,84931A,PINK SCOTTIE DOG W FLOWER PATTERN,1,01-06-2022 9.38,4.96,
565234,84951A,SET OF 4 PISTACHIO LOVEBIRD COASTER,1,01-06-2022 9.38,2.46,
565234,84992,72 SWEETHEART FAIRY CAKE CASES,1,01-06-2022 9.38,1.25,
565234,85032C,CURIOUS IMAGES GIFT WRAP SET,1,01-06-2022 9.38,1.63,
565234,85049A,TRADITIONAL CHRISTMAS RIBBONS,1,01-06-2022 9.38,2.46,
565234,85049E,SCANDINAVIAN REDS RIBBONS,1,01-06-2022 9.38,2.46,
565234,85049H,URBAN BLACK RIBBONS ,1,01-06-2022 9.38,0.83,
565234,85078,SCANDINAVIAN 3 HEARTS NAPKIN RING,5,01-06-2022 9.38,1.63,
565234,85093,CANDY SPOT EGG WARMER HARE,2,01-06-2022 9.38,0.83,
565234,85099B,JUMBO BAG RED RETROSPOT,3,01-06-2022 9.38,4.13,
565234,85099C,JUMBO  BAG BAROQUE BLACK WHITE,6,01-06-2022 9.38,4.13,
565234,85123A,WHITE HANGING HEART T-LIGHT HOLDER,1,01-06-2022 9.38,5.79,
565234,85131B,BEADED CRYSTAL HEART GREEN ON STICK,3,01-06-2022 9.38,0.83,
565234,85131D,BEADED CRYSTAL HEART PINK ON STICK,3,01-06-2022 9.38,0.83,
565234,85132C,CHARLIE AND LOLA FIGURES TINS,1,01-06-2022 9.38,5.79,
565234,85199S,SMALL HANGING IVORY/RED WOOD BIRD,5,01-06-2022 9.38,0.83,
565234,90096,NECKLACE+BRACELET SET BLUE BLOSSOM,1,01-06-2022 9.38,2.46,
565234,90161B,ANT COPPER TURQ BOUDICCA BRACELET,1,01-06-2022 9.38,4.98,
565234,DOT,DOTCOM POSTAGE,1,01-06-2022 9.38,178.29,
565234,10133,COLOURING PENCILS BROWN TUBE,2,01-06-2022 9.38,0.83,
565234,15036,ASSORTED COLOURS SILK FAN,6,01-06-2022 9.38,1.63,
565234,15058B,PINK POLKADOT GARDEN PARASOL,1,01-06-2022 9.38,10.79,
565234,17012A,ORIGAMI VANILLA INCENSE/CANDLE SET ,1,01-06-2022 9.38,2.46,
565234,20676,RED RETROSPOT BOWL,3,01-06-2022 9.38,2.46,
565234,20685,DOORMAT RED RETROSPOT,1,01-06-2022 9.38,15.79,
565234,20712,JUMBO BAG WOODLAND ANIMALS,1,01-06-2022 9.38,4.13,
565234,20713,JUMBO BAG OWLS,1,01-06-2022 9.38,4.13,
565234,20724,RED RETROSPOT CHARLOTTE BAG,1,01-06-2022 9.38,1.63,
565234,20725,LUNCH BAG RED RETROSPOT,1,01-06-2022 9.38,4.13,
565234,20727,LUNCH BAG  BLACK SKULL.,5,01-06-2022 9.38,4.13,
565234,20728,LUNCH BAG CARS BLUE,1,01-06-2022 9.38,4.13,
565234,20754,RETROSPOT RED WASHING UP GLOVES,1,01-06-2022 9.38,4.13,
565234,20974,12 PENCILS SMALL TUBE SKULL,1,01-06-2022 9.38,1.25,
565234,20978,36 PENCILS TUBE SKULLS,1,01-06-2022 9.38,2.46,
565234,20983,12 PENCILS TALL TUBE RED RETROSPOT,1,01-06-2022 9.38,1.63,
565234,20985,HEART CALCULATOR,15,01-06-2022 9.38,2.46,
565234,20992,JAZZ HEARTS PURSE NOTEBOOK,1,01-06-2022 9.38,1.63,
565234,21035,SET/2 RED RETROSPOT TEA TOWELS ,1,01-06-2022 9.38,6.63,
565234,21061,PARTY INVITES FOOTBALL,5,01-06-2022 9.38,1.63,
565234,21064,BOOM BOX SPEAKER BOYS,1,01-06-2022 9.38,4.13,
565234,21065,BOOM BOX SPEAKER GIRLS,1,01-06-2022 9.38,4.13,
565234,21080,SET/20 RED RETROSPOT PAPER NAPKINS ,1,01-06-2022 9.38,1.63,
565234,21094,SET/6 RED SPOTTY PAPER PLATES,5,01-06-2022 9.38,0.83,
565234,21129,SILVER FISHING GNOME ,1,01-06-2022 9.38,12.46,
565234,21154,RED RETROSPOT OVEN GLOVE ,2,01-06-2022 9.38,2.46,
565234,21216,"SET 3 RETROSPOT TEA,COFFEE,SUGAR",2,01-06-2022 9.38,10.79,
565234,21217,RED RETROSPOT ROUND CAKE TINS,1,01-06-2022 9.38,20.79,
565234,21238,RED RETROSPOT CUP,2,01-06-2022 9.38,1.63,
565234,21242,RED RETROSPOT PLATE ,1,01-06-2022 9.38,3.29,
565234,21243,PINK  POLKADOT PLATE ,1,01-06-2022 9.38,3.29,
565234,21245,GREEN POLKADOT PLATE ,1,01-06-2022 9.38,3.29,
565234,21279,VINTAGE KITCHEN PRINT FRUITS,1,01-06-2022 9.38,4.96,
565234,21358,TOAST ITS - HAPPY BIRTHDAY,1,01-06-2022 9.38,0.83,
565234,21394,RED POLKADOT BEAKER ,2,01-06-2022 9.38,1.63,
565234,21430,SET/3 RED GINGHAM ROSE STORAGE BOX,1,01-06-2022 9.38,7.46,
565234,21508,VINTAGE KID DOLLY CARD ,1,01-06-2022 9.38,0.83,
565234,21577,SAVE THE PLANET COTTON TOTE BAG,1,01-06-2022 9.38,4.96,
565234,21688,SILVER PLATE CANDLE BOWL SMALL,2,01-06-2022 9.38,5.79,
565234,21731,RED TOADSTOOL LED NIGHT LIGHT,1,01-06-2022 9.38,3.29,
565234,21755,LOVE BUILDING BLOCK WORD,1,01-06-2022 9.38,12.46,
565234,21770,OPEN CLOSED METAL SIGN,1,01-06-2022 9.38,9.96,
565234,21787,RAIN PONCHO RETROSPOT,2,01-06-2022 9.38,1.63,
565234,21801,CHRISTMAS TREE DECORATION WITH BELL,7,01-06-2022 9.38,0.42,
565234,21802,CHRISTMAS TREE HEART DECORATION,8,01-06-2022 9.38,0.42,
565234,21803,CHRISTMAS TREE STAR DECORATION,8,01-06-2022 9.38,0.42,
565234,21811,HANGING HEART WITH BELL,1,01-06-2022 9.38,2.46,
565234,21843,RED RETROSPOT CAKE STAND,1,01-06-2022 9.38,20.79,
565234,21878,PACK OF 6 SANDCASTLE FLAGS ASSORTED,10,01-06-2022 9.38,1.63,
565234,21880,RED RETROSPOT TAPE,5,01-06-2022 9.38,0.42,
565234,21906,PHARMACIE FIRST AID TIN,1,01-06-2022 9.38,13.29,
565234,21914,BLUE HARMONICA IN BOX ,1,01-06-2022 9.38,2.46,
565234,21917,SET 12 KIDS  WHITE CHALK STICKS,2,01-06-2022 9.38,0.83,
565234,21928,JUMBO BAG SCANDINAVIAN BLUE PAISLEY,2,01-06-2022 9.38,4.13,
565234,21929,JUMBO BAG PINK VINTAGE PAISLEY,2,01-06-2022 9.38,4.13,
565234,21930,JUMBO STORAGE BAG SKULLS,2,01-06-2022 9.38,4.13,
565234,21931,JUMBO STORAGE BAG SUKI,1,01-06-2022 9.38,4.13,
565234,21933,PINK VINTAGE PAISLEY PICNIC BAG,1,01-06-2022 9.38,2.46,
565234,21934,SKULL SHOULDER BAG,1,01-06-2022 9.38,1.63,
565234,21935,SUKI  SHOULDER BAG,3,01-06-2022 9.38,1.63,
565234,21936,RED RETROSPOT PICNIC BAG,1,01-06-2022 9.38,5.79,
565234,21981,PACK OF 12 WOODLAND TISSUES ,1,01-06-2022 9.38,0.83,
565234,21990,MODERN FLORAL STATIONERY SET,1,01-06-2022 9.38,2.46,
565234,21993,FLORAL FOLK STATIONERY SET,1,01-06-2022 9.38,2.46,
565234,22027,TEA PARTY BIRTHDAY CARD,1,01-06-2022 9.38,0.83,
565234,22029,SPACEBOY BIRTHDAY CARD,2,01-06-2022 9.38,0.83,
565234,22037,ROBOT BIRTHDAY CARD,2,01-06-2022 9.38,0.83,
565234,22074,6 RIBBONS SHIMMERING PINKS ,1,01-06-2022 9.38,1.25,
565234,22076,6 RIBBONS EMPIRE  ,1,01-06-2022 9.38,1.25,
565234,22077,6 RIBBONS RUSTIC CHARM,2,01-06-2022 9.38,3.29,
565234,22078,RIBBON REEL LACE DESIGN ,1,01-06-2022 9.38,4.13,
565234,22082,RIBBON REEL STRIPES DESIGN ,1,01-06-2022 9.38,3.29,
565234,22090,PAPER BUNTING RETROSPOT,1,01-06-2022 9.38,5.79,
565234,22104,MIRROR MOSAIC CANDLE PLATE,2,01-06-2022 9.38,1.63,
565234,22106,MIRROR MOSAIC HURRICANE LAMP ,8,01-06-2022 9.38,4.96,
565234,22107,PIZZA PLATE IN BOX,1,01-06-2022 9.38,3.29,
565234,22135,MINI LADLE LOVE HEART PINK,1,01-06-2022 9.38,0.83,
565234,22139,RETROSPOT TEA SET CERAMIC 11 PC ,1,01-06-2022 9.38,10.79,
565234,22161,HEART DECORATION RUSTIC HANGING ,4,01-06-2022 9.38,0.79,
565234,22178,VICTORIAN GLASS HANGING T-LIGHT,30,01-06-2022 9.38,2.46,
565234,22200,FRYING PAN PINK POLKADOT,1,01-06-2022 9.38,8.29,
565234,22271,FELTCRAFT DOLL ROSIE,1,01-06-2022 9.38,5.79,
565234,22311,OFFICE MUG WARMER BLACK+SILVER ,1,01-06-2022 9.38,5.79,
565234,22329,ROUND CONTAINER SET OF 5 RETROSPOT,1,01-06-2022 9.38,3.29,
565234,22348,TEA BAG PLATE RED RETROSPOT,2,01-06-2022 9.38,1.63,
565234,22354,RETROSPOT PADDED SEAT CUSHION,1,01-06-2022 9.38,7.46,
565234,22367,CHILDRENS APRON SPACEBOY DESIGN,1,01-06-2022 9.38,4.13,
565234,22375,AIRLINE BAG VINTAGE JET SET BROWN,1,01-06-2022 9.38,8.29,
565234,22378,WALL TIDY RETROSPOT ,1,01-06-2022 9.38,4.13,
565234,22379,RECYCLING BAG RETROSPOT ,3,01-06-2022 9.38,4.13,
565234,22382,LUNCH BAG SPACEBOY DESIGN ,1,01-06-2022 9.38,4.13,
565234,22383,LUNCH BAG SUKI DESIGN ,1,01-06-2022 9.38,4.13,
565234,22384,LUNCH BAG PINK POLKADOT,1,01-06-2022 9.38,4.13,
565234,22386,JUMBO BAG PINK POLKADOT,3,01-06-2022 9.38,4.13,
565234,22419,LIPSTICK PEN RED,1,01-06-2022 9.38,0.83,
565234,22420,LIPSTICK PEN BABY PINK,1,01-06-2022 9.38,0.83,
565234,22422,TOOTHPASTE TUBE PEN,1,01-06-2022 9.38,1.25,
565234,22424,ENAMEL BREAD BIN CREAM,1,01-06-2022 9.38,24.96,
565234,23322,LARGE WHITE HEART OF WICKER,6,01-06-2022 9.38,2.95,
565234,82494L,WOODEN FRAME ANTIQUE WHITE ,3,01-06-2022 9.38,2.95,
